meet,file,URL
01,01-1.jpg,https://dl.dropboxusercontent.com/scl/fi/39lwgfbhs9a3hti2rqfzz/01-1.jpg?rlkey=78s6bppv1xy45iev9ccm494ij&dl=0
01,01-1_tn.jpg,https://dl.dropboxusercontent.com/scl/fi/p07gnmugfs8skp25rss3d/01-1_tn.jpg?rlkey=2rz8wmmi0mt3yps2j1im6o9q1&dl=0
01,01-2.jpg,https://dl.dropboxusercontent.com/scl/fi/38ldmk4kppefoq1ccebpa/01-2.jpg?rlkey=k3j8gc693igjynv79hj8fbuan&dl=0
01,01-2_tn.jpg,https://dl.dropboxusercontent.com/scl/fi/qo0y8tg49ptu7qp915efn/01-2_tn.jpg?rlkey=jbtxwsmpcsgz8opwxr41r3epi&dl=0
01,01-3.jpg,https://dl.dropboxusercontent.com/scl/fi/y8k1xopybiigeue096r80/01-3.jpg?rlkey=if884af4xa0bm7yt2cyzs4r1o&dl=0
01,01-3_tn.jpg,https://dl.dropboxusercontent.com/scl/fi/6qt1ycwj4ybw3yl78limg/01-3_tn.jpg?rlkey=om6d56t98xrslknow7egmdw15&dl=0
01,01-4.jpg,https://dl.dropboxusercontent.com/scl/fi/mjp25zchgcm6d6eiyhyre/01-4.jpg?rlkey=jf0rqe3xsvc5dg3uwr878rgo1&dl=0
01,01-4_tn.jpg,https://dl.dropboxusercontent.com/scl/fi/bo65k9oathin85uidvorv/01-4_tn.jpg?rlkey=fmzfemresw9h1cfxzl0v6gfo4&dl=0
01,01-5.jpg,https://dl.dropboxusercontent.com/scl/fi/huf2tayvv9jd5vkkhbjt9/01-5.jpg?rlkey=zyk7wewdg4nxw0vx8wtrvdk3s&dl=0
01,01-5_tn.jpg,https://dl.dropboxusercontent.com/scl/fi/eie8bzo0u3raxthrofguw/01-5_tn.jpg?rlkey=8m4bxyaj53s1o56yr0l57yarv&dl=0
01,01-6.jpg,https://dl.dropboxusercontent.com/scl/fi/25hma060se3dwo18arvyw/01-6.jpg?rlkey=ahoxea2bsxmk89yxtkj7exv1k&dl=0
01,01-6_tn.jpg,https://dl.dropboxusercontent.com/scl/fi/nlqr085ffzbbcby1fvrfo/01-6_tn.jpg?rlkey=hg632a77utnmbe7e05j8vdnsv&dl=0
02,02-1.jpg,https://dl.dropboxusercontent.com/scl/fi/u3osai9nj3vadqmxdkw9c/02-1.jpg?rlkey=369tuvqnzdv0we80cx497x5l0&dl=0
02,02-1_tn.jpg,https://dl.dropboxusercontent.com/scl/fi/mx47nu2lxxbzgzlw9o9rj/02-1_tn.jpg?rlkey=tb61s8vba0gsfvmwvlwssgb39&dl=0
03,03-1.jpg,https://dl.dropboxusercontent.com/scl/fi/981ctg9fpt8yyow70gcqa/03-1.jpg?rlkey=u7z1u0hxphtgg0svfrsj6t5yk&dl=0
03,03-1_tn.jpg,https://dl.dropboxusercontent.com/scl/fi/vtraao71kl028c8qa6mb9/03-1_tn.jpg?rlkey=co8xcjnjjkbfvv1c9hx0w6jty&dl=0
03,03-2.jpg,https://dl.dropboxusercontent.com/scl/fi/2h9dfy1vfvpyahdgteij6/03-2.jpg?rlkey=1rgngitoqv9xfs5mqar2h76r1&dl=0
03,03-2_tn.jpg,https://dl.dropboxusercontent.com/scl/fi/jx8fak8pq28ezu2xe7mb1/03-2_tn.jpg?rlkey=g1gppdiugwntf2nym5v241jr9&dl=0
03,03-3.jpg,https://dl.dropboxusercontent.com/scl/fi/cul3xi08oc7qgbl2dp5hj/03-3.jpg?rlkey=6ked72hy79kp2qbs6p1rfvq9o&dl=0
03,03-3_tn.jpg,https://dl.dropboxusercontent.com/scl/fi/nba3uul4wvbvv6ojco597/03-3_tn.jpg?rlkey=x7cpo2ibgvtf1mtqcn0hokh1y&dl=0
03,03-4.jpg,https://dl.dropboxusercontent.com/scl/fi/u5j916969giszsvfr20jj/03-4.jpg?rlkey=5dp3255pzaz714e94x4og8x8n&dl=0
03,03-4_tn.jpg,https://dl.dropboxusercontent.com/scl/fi/dppivtoajqg8mv3g83b3x/03-4_tn.jpg?rlkey=7333lfkdn4tdxnfrcz68xh0t0&dl=0
03,03-5.jpg,https://dl.dropboxusercontent.com/scl/fi/1blzon0ia0hggbs20dqyp/03-5.jpg?rlkey=yoxxgepfsem8y8eany4j2z9ct&dl=0
03,03-5_tn.jpg,https://dl.dropboxusercontent.com/scl/fi/r597j5gnfur2bpla64rj3/03-5_tn.jpg?rlkey=ufpqs9ha9vyy14vdyqo989ipt&dl=0
03,03-6.jpg,https://dl.dropboxusercontent.com/scl/fi/jrnka714i1ao3z2sq5s0h/03-6.jpg?rlkey=mcjgwftc8vnnqac2hrb131bxm&dl=0
03,03-6_tn.jpg,https://dl.dropboxusercontent.com/scl/fi/9zbp7yuxf58k2l2qe50fh/03-6_tn.jpg?rlkey=9vncu7615naeaa81qnusw73h1&dl=0
04,04-1.jpg,https://dl.dropboxusercontent.com/scl/fi/r3xjtzf8slr2am5hfyw7v/04-1.jpg?rlkey=bioz2m6uvxgv7zusyb2eebcsi&dl=0
04,04-1_tn.jpg,https://dl.dropboxusercontent.com/scl/fi/a2yhf8vol8yy7lm3cet0b/04-1_tn.jpg?rlkey=llo1kbbkq3zjk711bke7qke7a&dl=0
04,04-2.jpg,https://dl.dropboxusercontent.com/scl/fi/ges0rb4r9ay3wlnggkfzr/04-2.jpg?rlkey=clnlor6lktv3ggkg7u4994d9m&dl=0
04,04-2_tn.jpg,https://dl.dropboxusercontent.com/scl/fi/pfqx3cxfd4qcvwyhfemqo/04-2_tn.jpg?rlkey=yqp3xkej46oy2lvdbicar3p6u&dl=0
04,04-3.jpg,https://dl.dropboxusercontent.com/scl/fi/du3rw7l42qwhj9h9qizvj/04-3.jpg?rlkey=9l5u1dvfa5glwwdghfs0g4cea&dl=0
04,04-3_tn.jpg,https://dl.dropboxusercontent.com/scl/fi/i0x2sjm3zr0w744v9j49n/04-3_tn.jpg?rlkey=hv624ox88xymzbze2l31hvhwx&dl=0
04,04-4.jpg,https://dl.dropboxusercontent.com/scl/fi/lcii6dt875whb4ub7i5hv/04-4.jpg?rlkey=e77ktwij3sixuji0bxggeo3su&dl=0
04,04-4_tn.jpg,https://dl.dropboxusercontent.com/scl/fi/zsf4w24eh5c7f1ydy70wn/04-4_tn.jpg?rlkey=g8iqgygienjp72erqhawob1on&dl=0
04,04-5.jpg,https://dl.dropboxusercontent.com/scl/fi/f2jm4ura61xw5fuol6t8x/04-5.jpg?rlkey=icsjn47kepgibv0yy9754a3hk&dl=0
04,04-5_tn.jpg,https://dl.dropboxusercontent.com/scl/fi/79rrrti9sgswi1qp1gj4f/04-5_tn.jpg?rlkey=6l6afu0raag0opcy5h3djoq2h&dl=0
04,04-6.jpg,https://dl.dropboxusercontent.com/scl/fi/ljfqf3oz4gtyqlnmfw4z1/04-6.jpg?rlkey=ohumnsgy2xxmdcmg18kul0gaa&dl=0
04,04-6_tn.jpg,https://dl.dropboxusercontent.com/scl/fi/jrj4v1mgqsiyc904hxedq/04-6_tn.jpg?rlkey=xn8pxfq38mgrnjb26nnov0zh8&dl=0
04,04-7.jpg,https://dl.dropboxusercontent.com/scl/fi/zgf1hrsqjthdro4rhhz6k/04-7.jpg?rlkey=hdtdi689004k12slgcrjjoc9y&dl=0
04,04-7_tn.jpg,https://dl.dropboxusercontent.com/scl/fi/arfrijlbsof3ryk4phsan/04-7_tn.jpg?rlkey=8slo8odzneq68iey9lxeohk6m&dl=0
05,05-1.jpg,https://dl.dropboxusercontent.com/scl/fi/hf634mgok3fcy813rgf0s/05-1.jpg?rlkey=2jhevx9t3fbybmt7ktmvxzb4i&dl=0
05,05-1_tn.jpg,https://dl.dropboxusercontent.com/scl/fi/32k24e89ei1jhogw3vts0/05-1_tn.jpg?rlkey=cdx00zjjxzwyc6gxhkl06jlob&dl=0
05,05-2.jpg,https://dl.dropboxusercontent.com/scl/fi/03whqr1o5ocgjeisbuorq/05-2.jpg?rlkey=slq0kg4fr0dtcaemtd59fz7fk&dl=0
05,05-2_tn.jpg,https://dl.dropboxusercontent.com/scl/fi/zwxpijb27arngncd9cx65/05-2_tn.jpg?rlkey=10lizw7dndrj5k547gcvnlkyr&dl=0
05,05-3.jpg,https://dl.dropboxusercontent.com/scl/fi/pfadepi4teshl8cimx0mm/05-3.jpg?rlkey=s3baxvo7bhmhidvikgexyyojo&dl=0
05,05-3_tn.jpg,https://dl.dropboxusercontent.com/scl/fi/28fvcq7afmakipq4zr4du/05-3_tn.jpg?rlkey=iv3vxmzibj9tfyje7r1nwdi7k&dl=0
05,05-4.jpg,https://dl.dropboxusercontent.com/scl/fi/sdv826zltfxjyfh0m3rhg/05-4.jpg?rlkey=itk8a1mkcwwh11e2sx6aaubwi&dl=0
05,05-4_tn.jpg,https://dl.dropboxusercontent.com/scl/fi/frvxruobwemd33wv6el91/05-4_tn.jpg?rlkey=z62ymxzy9fe7wx40nt1u5wnwt&dl=0
05,05-5.jpg,https://dl.dropboxusercontent.com/scl/fi/6rsby853pvmc3q5p7q25k/05-5.jpg?rlkey=20j3yb0zoei1j6g61pgcu8twb&dl=0
05,05-5_tn.jpg,https://dl.dropboxusercontent.com/scl/fi/hsghgr8y6691t5ucgg5hs/05-5_tn.jpg?rlkey=5x2gtqjszupprt1aif8glbmhd&dl=0
05,05-6.jpg,https://dl.dropboxusercontent.com/scl/fi/q0p5svuuokq80y4z8ux5o/05-6.jpg?rlkey=398gs34vuxhxt00tzmvl8heqg&dl=0
05,05-6_tn.jpg,https://dl.dropboxusercontent.com/scl/fi/sjac2kepke7ufeeqmh1cn/05-6_tn.jpg?rlkey=juuelsk61hgscdvlq8t1kbgil&dl=0
05,05-7.jpg,https://dl.dropboxusercontent.com/scl/fi/eqfk9gha7cpym36bu8o4n/05-7.jpg?rlkey=nix4txdy8ndg1qpphjz1of8j4&dl=0
05,05-7_tn.jpg,https://dl.dropboxusercontent.com/scl/fi/fy9azxj2jbkf15xlxmk3e/05-7_tn.jpg?rlkey=w6x45is3hfvvb3f11nsz4y1vs&dl=0
05,05-8.jpg,https://dl.dropboxusercontent.com/scl/fi/5kpu66n5juy7juqcr0kjq/05-8.jpg?rlkey=wt3anjlsb4ugqxp6wq1wv9jyu&dl=0
05,05-8_tn.jpg,https://dl.dropboxusercontent.com/scl/fi/ql0ndon2m6b7p5olj3v4w/05-8_tn.jpg?rlkey=cu5dhh42xj0zo9hzvqcvz1olu&dl=0
05,05-realfakemap.jpg,https://dl.dropboxusercontent.com/scl/fi/f0wxg85fpxtcwxqcvm7tb/05-realfakemap.jpg?rlkey=h04xmx10jlifsahcsxcd1y6se&dl=0
05,05-realfakemap_tn.jpg,https://dl.dropboxusercontent.com/scl/fi/ffyk47ecfdyxy2padmqa6/05-realfakemap_tn.jpg?rlkey=g5srph2p0w0syu1eynlx7hcfs&dl=0
06,06-1.jpg,https://dl.dropboxusercontent.com/scl/fi/du6im3vaheibw2p09lhmc/06-1.jpg?rlkey=n3qmtkecg6f0cusecywo7j9ap&dl=0
06,06-1_tn.jpg,https://dl.dropboxusercontent.com/scl/fi/wbbkmunsymdkx50x5r0ph/06-1_tn.jpg?rlkey=ycjqzlt8hen6t7hm9t9g5j22i&dl=0
06,06-2.jpg,https://dl.dropboxusercontent.com/scl/fi/u9u9puoywf9m4gjgtei4g/06-2.jpg?rlkey=rcp6klzlprmn34brufo07wkhh&dl=0
06,06-2_tn.jpg,https://dl.dropboxusercontent.com/scl/fi/pn59kl0vklmltxf1ep3kc/06-2_tn.jpg?rlkey=jq1ccdpmg72r32cyett0zlr3f&dl=0
06,06-3.jpg,https://dl.dropboxusercontent.com/scl/fi/eqth2dayralnrje8zs8uv/06-3.jpg?rlkey=st2wxlizsszesrrvxuca94b20&dl=0
06,06-3_tn.jpg,https://dl.dropboxusercontent.com/scl/fi/7rwnpkwf6q990mcyg6zgl/06-3_tn.jpg?rlkey=w16zpdb84ojy0mbngkd808b1f&dl=0
06,06-4.jpg,https://dl.dropboxusercontent.com/scl/fi/32deebw0bnhbgwn6mqcrz/06-4.jpg?rlkey=czof4w44j6arno8q5jbtryrj0&dl=0
06,06-4_tn.jpg,https://dl.dropboxusercontent.com/scl/fi/qtjqnofec4twvbmsbhenm/06-4_tn.jpg?rlkey=a43gqmf8429uiolyih8p6v0ey&dl=0
06,06-5.jpg,https://dl.dropboxusercontent.com/scl/fi/pd6szzaqzosy6ve48wm9e/06-5.jpg?rlkey=hvgrtbjrtn950p2zkd0yckfl4&dl=0
06,06-5_tn.jpg,https://dl.dropboxusercontent.com/scl/fi/vrthvr0usov7s60xsi5lo/06-5_tn.jpg?rlkey=zaf3takn0nz4tgkbumcnpmtfy&dl=0
07,07-1.jpg,https://dl.dropboxusercontent.com/scl/fi/8aa8k6s304skklw1umdzj/07-1.jpg?rlkey=qad3nfby8x3b37ljyj9m4xhsc&dl=0
07,07-1_tn.jpg,https://dl.dropboxusercontent.com/scl/fi/8vthvfixefmfpvgflrswp/07-1_tn.jpg?rlkey=u9hohz0vbiuk17b1qy81rh40l&dl=0
07,07-2.jpg,https://dl.dropboxusercontent.com/scl/fi/pw0x857x39mn7c1rb61h1/07-2.jpg?rlkey=ioc177b1jo2a269sqyci7dwjc&dl=0
07,07-2_tn.jpg,https://dl.dropboxusercontent.com/scl/fi/s76gsl3b1vqm97adc2n9g/07-2_tn.jpg?rlkey=2sxs7sn4qgc2v4n6fcgzxh5d0&dl=0
07,07-3.jpg,https://dl.dropboxusercontent.com/scl/fi/j4oqsqy9eqwvx5evl0y9v/07-3.jpg?rlkey=pqmwf83wtfcrngq8bqqirsa9b&dl=0
07,07-3_tn.jpg,https://dl.dropboxusercontent.com/scl/fi/ejhqtgzzz6ixsbp24bqb2/07-3_tn.jpg?rlkey=i8co2o8v7zwv212mc7mc66a6z&dl=0
07,07-4.jpg,https://dl.dropboxusercontent.com/scl/fi/gtjv5jrmdoncgn6bdtf27/07-4.jpg?rlkey=t65842vyv8aykhsy1h2w87ds5&dl=0
07,07-4_tn.jpg,https://dl.dropboxusercontent.com/scl/fi/3aq9ijgtacxgjoa7jflny/07-4_tn.jpg?rlkey=5h41y0170yebd67vyzuqbvitr&dl=0
07,07-5.jpg,https://dl.dropboxusercontent.com/scl/fi/madovc1yn74psqvshui3v/07-5.jpg?rlkey=inmo64xnrq17s3nh7xnjrntdw&dl=0
07,07-5_tn.jpg,https://dl.dropboxusercontent.com/scl/fi/vzasx1t15ivu7axk8zwbh/07-5_tn.jpg?rlkey=f3utq033qj7ndcb68l584vhu2&dl=0
07,07-6.jpg,https://dl.dropboxusercontent.com/scl/fi/qdstwb4yyzolctacxc52i/07-6.jpg?rlkey=4wu2ouhq5obudpge7hb2urkya&dl=0
07,07-6_tn.jpg,https://dl.dropboxusercontent.com/scl/fi/hto4py6xwyfoispws5ize/07-6_tn.jpg?rlkey=4yyp1pa0c7mq9sszja8qk21vk&dl=0
08,08-1.jpg,https://dl.dropboxusercontent.com/scl/fi/0pdyek6ykkcp8ki43ojs1/08-1.jpg?rlkey=il78bcuskd2frlrpyfomwd1em&dl=0
08,08-1_tn.jpg,https://dl.dropboxusercontent.com/scl/fi/8gztv4d25yjq04x3fjp9j/08-1_tn.jpg?rlkey=ttb8dpbuyiqsbcblwhkdi21n8&dl=0
08,08-2.jpg,https://dl.dropboxusercontent.com/scl/fi/15dfxikvfcrbl9xwa3sp6/08-2.jpg?rlkey=umwqhj2zyzbqj7fdxoivwb3f3&dl=0
08,08-2_tn.jpg,https://dl.dropboxusercontent.com/scl/fi/uzsc2gnoo2ta8pgjofjyr/08-2_tn.jpg?rlkey=352qtspqredgp8vg3jzzg0h5e&dl=0
08,08-3.jpg,https://dl.dropboxusercontent.com/scl/fi/wzumrno6nh4c1im41nl4r/08-3.jpg?rlkey=eh6hrkl88525b836m5mgde67f&dl=0
08,08-3_tn.jpg,https://dl.dropboxusercontent.com/scl/fi/qv1cxk64zrwcvuxvztsyh/08-3_tn.jpg?rlkey=3o18x9uv0915m4jrsby6t0mkb&dl=0
08,08-4.jpg,https://dl.dropboxusercontent.com/scl/fi/f6jjrnwwsx0qalhkz1d2g/08-4.jpg?rlkey=2uy5lnrm8gwlu2hps9m4zb8qz&dl=0
08,08-4_tn.jpg,https://dl.dropboxusercontent.com/scl/fi/i5wcwo7izknpi85m3psb5/08-4_tn.jpg?rlkey=1crvkjgoyflzrjzgz4gvxxgqb&dl=0
08,08-5.jpg,https://dl.dropboxusercontent.com/scl/fi/3vnz9ngdv3tihe5mprteq/08-5.jpg?rlkey=kp4inxramax9pt90tzs20ciz7&dl=0
08,08-5_tn.jpg,https://dl.dropboxusercontent.com/scl/fi/1utx4jwi66d2z8ahk87za/08-5_tn.jpg?rlkey=3yrftb60634iob0sok3swoa91&dl=0
09,09-1.jpg,https://dl.dropboxusercontent.com/scl/fi/6za3h7dqbnjouzkgi6qw7/09-1.jpg?rlkey=28001dvtwkhjm9it11f6n3lbh&dl=0
09,09-10.jpg,https://dl.dropboxusercontent.com/scl/fi/vijf8xdvlvbpsuhphjc18/09-10.jpg?rlkey=rcn0p48t2sa4xch5wxhzebhnv&dl=0
09,09-10_tn.jpg,https://dl.dropboxusercontent.com/scl/fi/9ditxqp9rrzboxwfltrxy/09-10_tn.jpg?rlkey=2s5o7xmvmd01s8ahtft0fgzjl&dl=0
09,09-1_tn.jpg,https://dl.dropboxusercontent.com/scl/fi/4ixzdr6i0zikms013j2mx/09-1_tn.jpg?rlkey=cep888funz8d1okwboc5v5lkf&dl=0
09,09-2.jpg,https://dl.dropboxusercontent.com/scl/fi/10scy0yw3s27yko8rqw5x/09-2.jpg?rlkey=7p1co6tha6aetm0p5kzi55d1s&dl=0
09,09-2_tn.jpg,https://dl.dropboxusercontent.com/scl/fi/wgj02jka902fdmmgawrj1/09-2_tn.jpg?rlkey=mlqmuqdkho8rm49xor7c3fhmk&dl=0
09,09-3.jpg,https://dl.dropboxusercontent.com/scl/fi/en6msxlk8mp6xt9584u7k/09-3.jpg?rlkey=rwc2y58dm05efm5sjjfuigrn8&dl=0
09,09-3_tn.jpg,https://dl.dropboxusercontent.com/scl/fi/6jq6jpdfobqjlj8l8wmt3/09-3_tn.jpg?rlkey=j3euu8wrx9ueaokron03jft1r&dl=0
09,09-4.jpg,https://dl.dropboxusercontent.com/scl/fi/vi8vblhrvt5f4yahfcz73/09-4.jpg?rlkey=ra25008s1wmkda6lboenfry25&dl=0
09,09-4_tn.jpg,https://dl.dropboxusercontent.com/scl/fi/q43zxpfbff5082hhgomsl/09-4_tn.jpg?rlkey=ts7r98owu1c5yuwj7pr4uied2&dl=0
09,09-5.jpg,https://dl.dropboxusercontent.com/scl/fi/tw0bh5c2h1yp0d5a47bhl/09-5.jpg?rlkey=375xc0zehhoplrcxxj5x92c5z&dl=0
09,09-5_tn.jpg,https://dl.dropboxusercontent.com/scl/fi/js06w1tlnwbipt2iyx5su/09-5_tn.jpg?rlkey=4e3a2z1gi9ik8w7qm3vs881bl&dl=0
09,09-6.jpg,https://dl.dropboxusercontent.com/scl/fi/64eoutzyducga7knya6o0/09-6.jpg?rlkey=3g4wx5uolmtty79i3c6mjqtax&dl=0
09,09-6_tn.jpg,https://dl.dropboxusercontent.com/scl/fi/0i9vmhf2aisv364tdwf6j/09-6_tn.jpg?rlkey=xay8bxe7h3f71m7p5nlklihbt&dl=0
09,09-7.jpg,https://dl.dropboxusercontent.com/scl/fi/dd3h0bdocaq0cdobjqniw/09-7.jpg?rlkey=f1kjjm09r74tl818cqe1a7d45&dl=0
09,09-7_tn.jpg,https://dl.dropboxusercontent.com/scl/fi/y1qu3ehccd4c5c86gq9fg/09-7_tn.jpg?rlkey=v4fdrmp5tuy87w2ap8ftk56pz&dl=0
09,09-8.jpg,https://dl.dropboxusercontent.com/scl/fi/6nme4ao9b3lrtrkichhff/09-8.jpg?rlkey=a3jlcfyxpapk0olrz190hrg4q&dl=0
09,09-8_tn.jpg,https://dl.dropboxusercontent.com/scl/fi/1qf0me3a42erthbbqzny4/09-8_tn.jpg?rlkey=iuzbcxfvgjz53nnkanlrdzqjb&dl=0
09,09-9.jpg,https://dl.dropboxusercontent.com/scl/fi/t5xyxhob16q2lu7ptzjd4/09-9.jpg?rlkey=iytbee4q5vg41yeogr5zp0kk4&dl=0
09,09-9_tn.jpg,https://dl.dropboxusercontent.com/scl/fi/s8alnpbpjzq3n1pvzffxk/09-9_tn.jpg?rlkey=p4nqurnl588ei5ixl46aezu4z&dl=0
10,10-1.jpg,https://dl.dropboxusercontent.com/scl/fi/913snf526cjho815m8ze9/10-1.jpg?rlkey=no9nue4rfs0uqkzg3vjslh4ed&dl=0
10,10-1_tn.jpg,https://dl.dropboxusercontent.com/scl/fi/4qvsmxr9tqpxi5u3t1nrs/10-1_tn.jpg?rlkey=jkjebm2ugjfgtskkgnzfqn4b9&dl=0
10,10-2.jpg,https://dl.dropboxusercontent.com/scl/fi/7wkox5ln4n7o4iu4q40vc/10-2.jpg?rlkey=vxlucvzgs16ew0ap3p94an8fq&dl=0
10,10-2_tn.jpg,https://dl.dropboxusercontent.com/scl/fi/ai0tw0gf71qnnvbe8dkqj/10-2_tn.jpg?rlkey=j6k70scazid9gpyq71h2qpdzr&dl=0
10,10-3.jpg,https://dl.dropboxusercontent.com/scl/fi/8qjdvj04oikcgjo1st88a/10-3.jpg?rlkey=4yhwugdncld4zk36kwapes2gc&dl=0
10,10-3_tn.jpg,https://dl.dropboxusercontent.com/scl/fi/9bih4p8ooxr2lehiy7dxr/10-3_tn.jpg?rlkey=jaqxm47mar8ghainxdy7r9hu5&dl=0
10,10-4.jpg,https://dl.dropboxusercontent.com/scl/fi/do06b4y8tor3vny38ob47/10-4.jpg?rlkey=5ybj97qn80dmywiezdbg1k9q6&dl=0
10,10-4_tn.jpg,https://dl.dropboxusercontent.com/scl/fi/6okopgcb5qka1a0j7pqlb/10-4_tn.jpg?rlkey=77umgolcj1omyk46qv5oqts1v&dl=0
10,10-5.jpg,https://dl.dropboxusercontent.com/scl/fi/dm4qwrh61fdu8mothvgmb/10-5.jpg?rlkey=3wjtodlhlvazofkccfudn1y28&dl=0
10,10-5_tn.jpg,https://dl.dropboxusercontent.com/scl/fi/yg8lz71msup1gq0s8e1n0/10-5_tn.jpg?rlkey=mum5z9z0qdr5x2wnwd0zvmrtz&dl=0
11,11-1.jpg,https://dl.dropboxusercontent.com/scl/fi/a698ez5yp46f2xuuozgis/11-1.jpg?rlkey=hzy2g95y1qird5syxa6igj1c6&dl=0
11,11-1_tn.jpg,https://dl.dropboxusercontent.com/scl/fi/n39rmp94gxdyhs2pghv3a/11-1_tn.jpg?rlkey=hgj69e83on60lz5z29avx6tn0&dl=0
11,11-2.jpg,https://dl.dropboxusercontent.com/scl/fi/cdbstnymezpx9zgyzwcax/11-2.jpg?rlkey=ra5mzmx1y1l87gg64ij6qbbm0&dl=0
11,11-2_tn.jpg,https://dl.dropboxusercontent.com/scl/fi/hf2lj3cpthfrp9ps15eim/11-2_tn.jpg?rlkey=ovodkeb3ss80tyrhvza6v4vth&dl=0
11,11-3.jpg,https://dl.dropboxusercontent.com/scl/fi/y6tsoo9w3jnxho02s2uk5/11-3.jpg?rlkey=zojr5wc18pi0xg3kf23fd802n&dl=0
11,11-3_tn.jpg,https://dl.dropboxusercontent.com/scl/fi/usfrgx6cwafmgag9vf1zp/11-3_tn.jpg?rlkey=yxkq3wml7a68rck4r6vuipa1x&dl=0
11,11-4.jpg,https://dl.dropboxusercontent.com/scl/fi/qywi7kgruobwabyv93h2q/11-4.jpg?rlkey=1ywxo2ei5y99lvk9huh595a2o&dl=0
11,11-4_tn.jpg,https://dl.dropboxusercontent.com/scl/fi/cen1dwff5ksk3ew3botaf/11-4_tn.jpg?rlkey=t7bfgx89zv1iuaic0ct4cvcz0&dl=0
11,11-5.jpg,https://dl.dropboxusercontent.com/scl/fi/fhoegc1dossq99fqqwjz0/11-5.jpg?rlkey=ttin9x27k8f4i6nm14uhx0wu7&dl=0
11,11-5_tn.jpg,https://dl.dropboxusercontent.com/scl/fi/vn4yxvw0rdwwcoafvxrki/11-5_tn.jpg?rlkey=m22xxxms3txtegkw5irxitslm&dl=0
12,12-1.jpg,https://dl.dropboxusercontent.com/scl/fi/zph1d9i71utjqhnzuqpjc/12-1.jpg?rlkey=kvvl5ns9vxaeglini9mvqgo3k&dl=0
12,12-1_tn.jpg,https://dl.dropboxusercontent.com/scl/fi/eg9p8fdxyef8gc1o16r5j/12-1_tn.jpg?rlkey=epfr3tj6nj3ww0u4q99pr9zam&dl=0
12,12-2.jpg,https://dl.dropboxusercontent.com/scl/fi/r4b3uoe6wc5ovx53ji5r9/12-2.jpg?rlkey=3nfdq6x0epn8iknetwwh4b64b&dl=0
12,12-2_tn.jpg,https://dl.dropboxusercontent.com/scl/fi/kd9ysvinje06kecuhe1dv/12-2_tn.jpg?rlkey=nngmjagv2dclyah0fkn26y39d&dl=0
12,12-3.jpg,https://dl.dropboxusercontent.com/scl/fi/a6n0csggblo9o5d9buks7/12-3.jpg?rlkey=57d6c8oggple1h8bafxckc6hw&dl=0
12,12-3_tn.jpg,https://dl.dropboxusercontent.com/scl/fi/r5aod2d25acjsd4vpoqfn/12-3_tn.jpg?rlkey=262ql19ac5ws58umk9jpwoh34&dl=0
12,12-4.jpg,https://dl.dropboxusercontent.com/scl/fi/wpr34chyddo3umgtaw24w/12-4.jpg?rlkey=axcfvfg2e42137k3jcbrv4616&dl=0
12,12-4_tn.jpg,https://dl.dropboxusercontent.com/scl/fi/y2byy32ldus183pbb9nmy/12-4_tn.jpg?rlkey=5mdr6k3se6sggyoz3fy703sqg&dl=0
12,12-5.jpg,https://dl.dropboxusercontent.com/scl/fi/ix1wc8vepzxhl1jmq3epq/12-5.jpg?rlkey=ww7gpwej5vjulirmmmckx0z49&dl=0
12,12-5_tn.jpg,https://dl.dropboxusercontent.com/scl/fi/skoewrim0mm6n15bkpxf4/12-5_tn.jpg?rlkey=j73bc9xl4b9vd5uh2am8jf0gi&dl=0
12,12-6.jpg,https://dl.dropboxusercontent.com/scl/fi/akhgpxcmgevfqpj4znin7/12-6.jpg?rlkey=nlv4n2wxdi2q5qemh3fmbccbv&dl=0
12,12-6_tn.jpg,https://dl.dropboxusercontent.com/scl/fi/mxn32ghu5axmpdcx16lea/12-6_tn.jpg?rlkey=vt9wd5hpjnlo2m0uoamp0jtt9&dl=0
12,12-7.jpg,https://dl.dropboxusercontent.com/scl/fi/80g9oqy92feey74any4f8/12-7.jpg?rlkey=say1ntc40rlpf02zfix0ii0c1&dl=0
12,12-7_tn.jpg,https://dl.dropboxusercontent.com/scl/fi/8i7m80mtzk2drt8dva2do/12-7_tn.jpg?rlkey=mlkgkyjdvwaddcm0a8hwc6k3a&dl=0
12,12-8.jpg,https://dl.dropboxusercontent.com/scl/fi/ageop3t4jd3l15sqvkhgv/12-8.jpg?rlkey=durjstc40w9l3ilbk0kdjvn6d&dl=0
12,12-8_tn.jpg,https://dl.dropboxusercontent.com/scl/fi/p0ra3n8klajhdejya0oo7/12-8_tn.jpg?rlkey=2zaa3hub1c5gkmwfudqx6bqgj&dl=0
13,13-1.jpg,https://dl.dropboxusercontent.com/scl/fi/rnmzr4dmlpctdpuusiii4/13-1.jpg?rlkey=cpkn5kujp950povzduzhaw9lv&dl=0
13,13-1_tn.jpg,https://dl.dropboxusercontent.com/scl/fi/v0to0fsn3ik97bs0ay2wk/13-1_tn.jpg?rlkey=f85t6bzsrpw0x3mxbpjnk3eqt&dl=0
13,13-2.jpg,https://dl.dropboxusercontent.com/scl/fi/i6quy8zb4ry9z093i8kq5/13-2.jpg?rlkey=ld383gp3s13anya9tb0w4pdhy&dl=0
13,13-2_tn.jpg,https://dl.dropboxusercontent.com/scl/fi/jnk6m4b4a0j8jyqfm71h3/13-2_tn.jpg?rlkey=21i2elz3qam2bufsrwby85s0s&dl=0
13,13-3.jpg,https://dl.dropboxusercontent.com/scl/fi/d2tggzx5ltlmkolkotflf/13-3.jpg?rlkey=5lsgjobzl8yr24y43u2pefpwl&dl=0
13,13-3_tn.jpg,https://dl.dropboxusercontent.com/scl/fi/6fxzn67u5d3q1mjs7vkou/13-3_tn.jpg?rlkey=zl2y9cjj2ytvjnnooxytn01qz&dl=0
13,13-4.jpg,https://dl.dropboxusercontent.com/scl/fi/e8mztnflgvkpye2yu4a5x/13-4.jpg?rlkey=ikn6e07tseedsx8zxv80gsyey&dl=0
13,13-4_tn.jpg,https://dl.dropboxusercontent.com/scl/fi/fb8r69fusnvf538acjcx8/13-4_tn.jpg?rlkey=y0o2qibmvqdrk5ddvtutksubk&dl=0
13,13-5.jpg,https://dl.dropboxusercontent.com/scl/fi/53stc1mlmc9e736nbf52u/13-5.jpg?rlkey=dzcfe98359a59b702nouv6wfm&dl=0
13,13-5_tn.jpg,https://dl.dropboxusercontent.com/scl/fi/b4wcn3q536yt6ttlwe5ll/13-5_tn.jpg?rlkey=1r68mdu4o3q7wr2jwynlecxmk&dl=0
14,14-1.jpg,https://dl.dropboxusercontent.com/scl/fi/fqcg5azis1zrtoak5pplh/14-1.jpg?rlkey=rpclu21kxpxln83i5vjhwznba&dl=0
14,14-1_tn.jpg,https://dl.dropboxusercontent.com/scl/fi/y7j1iq72xroy0kc91lo4o/14-1_tn.jpg?rlkey=mg3ej6dpnvj5nbpvu3g8dw0hr&dl=0
14,14-2.jpg,https://dl.dropboxusercontent.com/scl/fi/t3rd8rl9iairhjiquu3an/14-2.jpg?rlkey=jxz76d5p3kqf0pqai1ixynmy6&dl=0
14,14-2_tn.jpg,https://dl.dropboxusercontent.com/scl/fi/h0e0v0brtdoag1o0dvj8v/14-2_tn.jpg?rlkey=edga3aok7higo9brcumlft5eo&dl=0
14,14-3.jpg,https://dl.dropboxusercontent.com/scl/fi/t2qv4c028khtq6js8fmr2/14-3.jpg?rlkey=cvno6fk9twqq5va687bi7psqf&dl=0
14,14-3_tn.jpg,https://dl.dropboxusercontent.com/scl/fi/2tsv5gdvb1itkr2glee3w/14-3_tn.jpg?rlkey=pctq4rr119ye50732w1tpm6dg&dl=0
15,15-1.jpg,https://dl.dropboxusercontent.com/scl/fi/4wf8p0yxe6ncziuvbwhha/15-1.jpg?rlkey=ppszmnz9r3qmczbpcj2ass9om&dl=0
15,15-1_tn.jpg,https://dl.dropboxusercontent.com/scl/fi/ixl3c9w022ef8bxyrfkvc/15-1_tn.jpg?rlkey=sixzn47wj4od7ymg4y6xik404&dl=0
15,15-2.jpg,https://dl.dropboxusercontent.com/scl/fi/0dc5dj421j9f8hm13hjak/15-2.jpg?rlkey=i5biqwgz3izpspilom8a9t9c1&dl=0
15,15-2_tn.jpg,https://dl.dropboxusercontent.com/scl/fi/iv9618rdgdlo326o94aha/15-2_tn.jpg?rlkey=rko6r3nijj8oxxh0w78qipuvp&dl=0
15,15-3.jpg,https://dl.dropboxusercontent.com/scl/fi/pd4pmozzzgk29veyoi5yb/15-3.jpg?rlkey=bj7pibr0z99mratxmztyvpnne&dl=0
15,15-3_tn.jpg,https://dl.dropboxusercontent.com/scl/fi/vbxv1simiemk9x9lsp19k/15-3_tn.jpg?rlkey=hslmllezcch8f9t3dpl2zz616&dl=0
15,15-4.jpg,https://dl.dropboxusercontent.com/scl/fi/1tg68fmpwa17pfseiutsz/15-4.jpg?rlkey=0u2c78wybozdc0o6957f3g7g1&dl=0
15,15-4_tn.jpg,https://dl.dropboxusercontent.com/scl/fi/1satjxj5a4fz98tezfbjq/15-4_tn.jpg?rlkey=xwtktfq04c23lyt5o0tjufqwv&dl=0
15,15-5.jpg,https://dl.dropboxusercontent.com/scl/fi/sz809cxnm8rgsmotpry05/15-5.jpg?rlkey=rb7zfval5d8l086bvttip8l4e&dl=0
15,15-5_tn.jpg,https://dl.dropboxusercontent.com/scl/fi/6junaymp077cryjs7o0au/15-5_tn.jpg?rlkey=0206aebd15511hhu2o7mj4ltc&dl=0
15,15-6.jpg,https://dl.dropboxusercontent.com/scl/fi/xcpysyrs0qrmlar0y1q1e/15-6.jpg?rlkey=2qm1djeegwv1wiuv0700dh2b9&dl=0
15,15-6_tn.jpg,https://dl.dropboxusercontent.com/scl/fi/hdcpap6mubg58odlewc7v/15-6_tn.jpg?rlkey=nk73qr8qdmyomlucu0annng0j&dl=0
15,15-7.jpg,https://dl.dropboxusercontent.com/scl/fi/4vglclaq2gnc6qze53jp2/15-7.jpg?rlkey=stzgg68w66ld22lujq4zpavfd&dl=0
15,15-7_tn.jpg,https://dl.dropboxusercontent.com/scl/fi/kujlzhcxys80dv18r9h1x/15-7_tn.jpg?rlkey=ju9jdtjqwucvkmvml9yxoaogq&dl=0
16,16-1.jpg,https://dl.dropboxusercontent.com/scl/fi/hfddhye6w52c9m6jjeez8/16-1.jpg?rlkey=qub4ipxvibs4em1lwn30btszt&dl=0
16,16-1_tn.jpg,https://dl.dropboxusercontent.com/scl/fi/k6ot57jg9ytjevskuj6wx/16-1_tn.jpg?rlkey=bw2zvg91wfi3hlr1hz34evbxq&dl=0
17,17-1.jpg,https://dl.dropboxusercontent.com/scl/fi/7prdgkaydhwv9jze2mj6x/17-1.jpg?rlkey=91aril3vab8v5w1t7vhrxkzre&dl=0
17,17-1_tn.jpg,https://dl.dropboxusercontent.com/scl/fi/ee7bc8xckdoht4dsru0qq/17-1_tn.jpg?rlkey=7x0dlutp7g0fh694xhfzxi412&dl=0
17,17-2.jpg,https://dl.dropboxusercontent.com/scl/fi/fskcu0xrokxbjl7lnijj7/17-2.jpg?rlkey=44uhf0vo2qyne4ybmbutpm49k&dl=0
17,17-2_tn.jpg,https://dl.dropboxusercontent.com/scl/fi/mlkdbs7zhi0odhf8802gn/17-2_tn.jpg?rlkey=aasg059mp0988q4s0od6k13wr&dl=0
17,17-3.jpg,https://dl.dropboxusercontent.com/scl/fi/gwywytooo5en7cuek85pz/17-3.jpg?rlkey=wkioeq468ghp6l1hhumis5z1i&dl=0
17,17-3_tn.jpg,https://dl.dropboxusercontent.com/scl/fi/1rxj4y35gvvykkwl9lpvs/17-3_tn.jpg?rlkey=hr5cpw3c7axtei3ax8eh7hxyg&dl=0
17,17-4.jpg,https://dl.dropboxusercontent.com/scl/fi/38phwx9io6o087bayynhs/17-4.jpg?rlkey=2svajc9h7pxqdr8pbk5pf60ft&dl=0
17,17-4_tn.jpg,https://dl.dropboxusercontent.com/scl/fi/c2wmtvlktnd9zderk0mlh/17-4_tn.jpg?rlkey=xr971e6cg6qfdpp5wo04ih3u8&dl=0
17,17-5.jpg,https://dl.dropboxusercontent.com/scl/fi/2ov13ach94o51xmuj5fgv/17-5.jpg?rlkey=979c83blfifp2ailm4nol0wzc&dl=0
17,17-5_tn.jpg,https://dl.dropboxusercontent.com/scl/fi/2rhq3rfvsvg1bnoay2vmp/17-5_tn.jpg?rlkey=w7e0y6dx7mw90ssrpfz08v3ol&dl=0
17,17-6.jpg,https://dl.dropboxusercontent.com/scl/fi/rzp48nb8x9kjzi90q6uoc/17-6.jpg?rlkey=b35wldyewbr41xahkufxmsqzv&dl=0
17,17-6_tn.jpg,https://dl.dropboxusercontent.com/scl/fi/tfcz91ztebt0rl2mh7d0x/17-6_tn.jpg?rlkey=vthqxa5vbwd3cc3v9zs9mqg4r&dl=0
17,17-7.jpg,https://dl.dropboxusercontent.com/scl/fi/jhxvyhmmdpvgcqwd8mia5/17-7.jpg?rlkey=5qkhav9nqd7kwksu84nsx7k1q&dl=0
17,17-7_tn.jpg,https://dl.dropboxusercontent.com/scl/fi/g4s12wj09cc96o28hmoea/17-7_tn.jpg?rlkey=t4wv4wo1flc0ju3j4c5oy1rmi&dl=0
18,18-1.jpg,https://dl.dropboxusercontent.com/scl/fi/46qpbpz7eursslbpkokc7/18-1.jpg?rlkey=h75xmqi41oge7lzmgudlkeqwm&dl=0
18,18-1_tn.jpg,https://dl.dropboxusercontent.com/scl/fi/uhh2gcgdvcuz75rvkuvyy/18-1_tn.jpg?rlkey=9y9l8rq1xn2zhdoemaixbyu0n&dl=0
18,18-2.jpg,https://dl.dropboxusercontent.com/scl/fi/0x2js11h83cceswwabwku/18-2.jpg?rlkey=lcxvitk7hsx4gbbqfh9xpdzxk&dl=0
18,18-2_tn.jpg,https://dl.dropboxusercontent.com/scl/fi/8l8hsbzfp8inzo0f1um1f/18-2_tn.jpg?rlkey=5jilrb4rx1kbww9gr3vm9a2qy&dl=0
18,18-3.jpg,https://dl.dropboxusercontent.com/scl/fi/5pfvwgmp4ljv9ar0920s2/18-3.jpg?rlkey=lbd0cfv6pakvjjmdszv7trv0e&dl=0
18,18-3_tn.jpg,https://dl.dropboxusercontent.com/scl/fi/9egbn5qnhhp1r2kyux6r3/18-3_tn.jpg?rlkey=1uctbonzf6kexkstghmptblc1&dl=0
18,18-4.jpg,https://dl.dropboxusercontent.com/scl/fi/8482j5cec2s443pryhgkf/18-4.jpg?rlkey=t4bxcqq33jrhv8l2w6tenuh8j&dl=0
18,18-4_tn.jpg,https://dl.dropboxusercontent.com/scl/fi/cn61n8v7hyu9y4q4wps1r/18-4_tn.jpg?rlkey=uoecpwi0fcz1hm7ftolg8wlax&dl=0
18,18-5.jpg,https://dl.dropboxusercontent.com/scl/fi/dzw4ljgzv1zfka88175p8/18-5.jpg?rlkey=82nv9zddc95gw4kimj42l3xbk&dl=0
18,18-5_tn.jpg,https://dl.dropboxusercontent.com/scl/fi/kuy5qa2ttf2c8q7wy18qg/18-5_tn.jpg?rlkey=brqodh4bm9gji14fg81tvj4cb&dl=0
18,18-6.jpg,https://dl.dropboxusercontent.com/scl/fi/ys066218etym5ycw6e1uy/18-6.jpg?rlkey=lxl9ui8silg1r78pt99p774fg&dl=0
18,18-6_tn.jpg,https://dl.dropboxusercontent.com/scl/fi/4yrgnmjfpecqhb9haqsa5/18-6_tn.jpg?rlkey=0ztmc4vbcqwbivvrmzwwoqhcn&dl=0
19,19-1.jpg,https://dl.dropboxusercontent.com/scl/fi/wnl1r0vhmfffwxll3s6qk/19-1.jpg?rlkey=dqd466czepxwjxp3zg77ps5ac&dl=0
19,19-1_tn.jpg,https://dl.dropboxusercontent.com/scl/fi/6guhttsb671k75va7c6ra/19-1_tn.jpg?rlkey=tt8t6lwfhm41tkop4upvr4kb9&dl=0
19,19-2.jpg,https://dl.dropboxusercontent.com/scl/fi/0a0zxwbd3eaimvw93y1xd/19-2.jpg?rlkey=c4qmw9wkwqtvim20k52eri8ao&dl=0
19,19-2_tn.jpg,https://dl.dropboxusercontent.com/scl/fi/xrduv9rshnf4totq7vgqb/19-2_tn.jpg?rlkey=50c1jcfqq5aq1o91y7clc2mmg&dl=0
19,19-3.jpg,https://dl.dropboxusercontent.com/scl/fi/9og7iknnxj2uhnx7322fq/19-3.jpg?rlkey=0dlljj4meevpjdydyx1jc7qme&dl=0
19,19-3_tn.jpg,https://dl.dropboxusercontent.com/scl/fi/6ekvf8yxtk5ru429w2tqb/19-3_tn.jpg?rlkey=som439yg9nt04k6tqfjgr1361&dl=0
19,19-4.jpg,https://dl.dropboxusercontent.com/scl/fi/umvn7czsupv0twlmttl97/19-4.jpg?rlkey=q1swtb10xp4kp2r9aah7miz74&dl=0
19,19-4_tn.jpg,https://dl.dropboxusercontent.com/scl/fi/4verhyjoi82glykkjmp91/19-4_tn.jpg?rlkey=90ify622od9p3yerkwegniz3t&dl=0
19,19-5.jpg,https://dl.dropboxusercontent.com/scl/fi/1ws1358skexb970ohgvpg/19-5.jpg?rlkey=df9vqk7z7l12sq4yw9lec3yu9&dl=0
19,19-5_tn.jpg,https://dl.dropboxusercontent.com/scl/fi/eb0otgig58kecmmvtfive/19-5_tn.jpg?rlkey=r75if8p4ahlkqqfhu9167tzsv&dl=0
19,19-6.jpg,https://dl.dropboxusercontent.com/scl/fi/4bgjzmj5gsr8nvx6ugwqk/19-6.jpg?rlkey=ncbtxvjgw2rv1k3456sczp0qc&dl=0
19,19-6_tn.jpg,https://dl.dropboxusercontent.com/scl/fi/zmeay4d7nbp6qno5ka750/19-6_tn.jpg?rlkey=p93fzcngmz9r6jyyq08ud60r2&dl=0
19,19-7.jpg,https://dl.dropboxusercontent.com/scl/fi/mnzzozjcz3x2z7xt82erx/19-7.jpg?rlkey=1od5m36w63e0autdlzai1emmy&dl=0
19,19-7_tn.jpg,https://dl.dropboxusercontent.com/scl/fi/kl7eikah50yw1ognpzgow/19-7_tn.jpg?rlkey=ekq91paj0l2bdcf9jromujwl7&dl=0
19,19-8.jpg,https://dl.dropboxusercontent.com/scl/fi/hcnlw8lgw129j2f8jv6ht/19-8.jpg?rlkey=24gexca1wfo3p3tv5pi74x96b&dl=0
19,19-8_tn.jpg,https://dl.dropboxusercontent.com/scl/fi/5jrq31u4icok4s9hrs0dw/19-8_tn.jpg?rlkey=n9q9ejx1g7t5pj0cjskkw8hyo&dl=0
20,20-1.jpg,https://dl.dropboxusercontent.com/scl/fi/ndf5l50jowjwozazq56xz/20-1.jpg?rlkey=os8pbevy2156jingyi9qt06rd&dl=0
20,20-10.jpg,https://dl.dropboxusercontent.com/scl/fi/ctnrh0i7ujvay36p4fs30/20-10.jpg?rlkey=m545no3cz5epkymanzu1uwhz3&dl=0
20,20-1_tn.jpg,https://dl.dropboxusercontent.com/scl/fi/azycs1oxjq4r2hcwdu8iu/20-1_tn.jpg?rlkey=3bd1sn7bmg7d6g4oh6tn8bjkl&dl=0
20,20-2.jpg,https://dl.dropboxusercontent.com/scl/fi/2x1t32hox55q8osea68y4/20-2.jpg?rlkey=8jkgqa3w2r2xtj2u77tjo72i6&dl=0
20,20-3.jpg,https://dl.dropboxusercontent.com/scl/fi/j48667oij1zydcocon7t2/20-3.jpg?rlkey=06xa3xrewro0wylmfa1kbigin&dl=0
20,20-3_tn.jpg,https://dl.dropboxusercontent.com/scl/fi/udag44aesy67n38a6isvm/20-3_tn.jpg?rlkey=apeqrh3bshcdisywxfrosnlyr&dl=0
20,20-4.jpg,https://dl.dropboxusercontent.com/scl/fi/2lmvgbcy834zzc7dlh22p/20-4.jpg?rlkey=0i9vn7n20k1trsss3m7uc93wa&dl=0
20,20-5.jpg,https://dl.dropboxusercontent.com/scl/fi/ijvn44resjzj8bo6329x7/20-5.jpg?rlkey=cdg3gz9y63i0b0xv06zjv64y2&dl=0
20,20-5_tn.jpg,https://dl.dropboxusercontent.com/scl/fi/bh75879nee70qlkv5v91y/20-5_tn.jpg?rlkey=xykz9cpbvr1frihqgqelvdaqc&dl=0
20,20-6.jpg,https://dl.dropboxusercontent.com/scl/fi/c27xs6qolpxdv8rekbjiu/20-6.jpg?rlkey=eckswlaiu3290bsosg65de35m&dl=0
20,20-6_tn.jpg,https://dl.dropboxusercontent.com/scl/fi/u9rqtgvfyxmjfvmb0c78n/20-6_tn.jpg?rlkey=llpzzu6si5c1ong9x4qzd2a50&dl=0
20,20-7.jpg,https://dl.dropboxusercontent.com/scl/fi/etwws2g8zwyfh10hd607j/20-7.jpg?rlkey=t67mua4sad0nkey8rbl1xwhdi&dl=0
20,20-7_tn.jpg,https://dl.dropboxusercontent.com/scl/fi/iclwlpgetf5yi8v5sfubb/20-7_tn.jpg?rlkey=898pd95uyitdbvkuwnvx54kzx&dl=0
20,20-8.jpg,https://dl.dropboxusercontent.com/scl/fi/0sgj63boopa36jt8lts5m/20-8.jpg?rlkey=4zn99e32entpyarzit3zl621g&dl=0
20,20-8_tn.jpg,https://dl.dropboxusercontent.com/scl/fi/ck2fnt7pi911300qngsep/20-8_tn.jpg?rlkey=my1d5dkwtrbchfqbvbtdiahix&dl=0
20,20-9.jpg,https://dl.dropboxusercontent.com/scl/fi/7zsp7jwidvcm76b71o31l/20-9.jpg?rlkey=hhfhc0k09k181vjed0px56f4v&dl=0
20,20-9_tn.jpg,https://dl.dropboxusercontent.com/scl/fi/p8s3byuie8rr1m4g37vwp/20-9_tn.jpg?rlkey=dmyblk1zgcdq1bhefxcv4ml3c&dl=0
